INSERT INTO collection (id,"name",updated,state_id) VALUES
('6c48f4f5-9f88-438b-86c2-f8df19d1b782','nisi ut aliquip ex ea commodo co','2006-01-27 10:13:03.958',2)
,('1c706c6c-b82b-4c7d-8909-471e3434fca4','sed do eiusmod tempor incididu','1990-06-25 08:50:38.668',2)
,('59ffdf80-1f44-4969-9083-8aa4e6bd3fa0','mollit anim id est laborum.Lorem ipsum dolor sit amet, consecte','1996-01-16 03:31:06.598',1)
,('7cac2c9a-00c2-4a3a-9d93-6e2b2026b890','Excepteur sint occaecat cupidatat non proident, sunt in culpa ','2006-03-14 15:05:48.093',1)
,('a323fc62-1490-4d91-90d9-e086a11d70e4','sunt in culp','1986-03-13 23:33:34.119',2)
,('caa4b2fd-c1fd-46e1-be86-8411642eb559','ad minim veniam, quis nostrud exercitation ullamco laboris nisi ','2005-04-30 08:51:29.798',1)
,('37764a5f-0a63-47ae-9aff-655098eb4163','sit amet, consectetur adipiscing elit, sed do eiusmod tempor in','1988-02-25 11:18:11.833',2)
,('82bf52ec-f0b8-4748-b822-c14ee32aee62','incididunt ut labore et dolore magna aliqua. Ut enim ad mini','2004-07-30 12:04:27.372',1)
,('9bd9eca8-6389-409f-9d5e-9c6186475a28','in voluptate velit esse cillum dolore eu fugia','1985-05-27 21:15:38.369',1)
,('0a69fe57-37f5-4698-ac73-45cc0285c5e7','velit esse cillum dolore eu fugi','1985-11-07 13:49:51.474',2)
;

INSERT INTO job (id,"name",updated,collection_id,state_id,schedule,"action") VALUES
('c6d4f4d2-6711-47f0-955e-fbff7f1f77e2','dolore magna aliqua. Ut enim ad minim veniam, quis nostrud e','2005-10-31 16:47:37.265','82bf52ec-f0b8-4748-b822-c14ee32aee62',2,'@every 1h','{}')
,('6cff1c2e-09f3-4438-865c-43bd63591079','esse ','2019-02-14 07:43:07.918','59ffdf80-1f44-4969-9083-8aa4e6bd3fa0',1,'@every 1h','{}')
,('a4401d0f-c5ac-41d8-9a54-7860a1a41edf','officia deserunt mollit anim id est laborum.','2016-11-07 03:44:00.201','caa4b2fd-c1fd-46e1-be86-8411642eb559',2,'@every 1h','{}')
,('64394929-08d7-4316-9b05-3944a9166ddb','adipiscing elit, sed do e','2002-02-06 06:25:54.226','59ffdf80-1f44-4969-9083-8aa4e6bd3fa0',2,'@every 1h','{}')
,('7d45ca06-8f46-46f2-a81a-71570ffd34a4','in voluptate ','1991-11-17 10:34:18.228','6c48f4f5-9f88-438b-86c2-f8df19d1b782',2,'@every 1h','{}')
,('8fa1dc1e-2505-491c-a885-2616d2377d60','pariatur. Excepteur sint occaecat cupidat','1980-11-22 04:54:02.599','7cac2c9a-00c2-4a3a-9d93-6e2b2026b890',1,'@every 1h','{}')
,('a69ab9e3-d350-4b56-ac11-48051b1ab2fc','do eiusm','1990-01-12 07:39:19.779','82bf52ec-f0b8-4748-b822-c14ee32aee62',1,'@every 1h','{}')
,('c19cfbed-053d-48d4-aa22-a8363b9a8df4','pariatur. Excepteur sint occaecat cupidatat n','1980-11-30 00:57:31.997','6c48f4f5-9f88-438b-86c2-f8df19d1b782',1,'@every 1h','{}')
,('15689d74-b05e-4f82-8c23-e3f59a9a3daf','velit esse cillum dolore eu fugiat nulla ','2009-01-20 07:49:30.062','9bd9eca8-6389-409f-9d5e-9c6186475a28',1,'@every 1h','{}')
,('7dc496bd-c258-440e-ada4-4579eb01b7d2','cupidatat non proident, sunt in culpa qui offic','2005-11-14 16:16:25.656','1c706c6c-b82b-4c7d-8909-471e3434fca4',2,'@every 1h','{}')
;
INSERT INTO job (id,"name",updated,collection_id,state_id,schedule,"action") VALUES
('77a145e5-5260-4100-aad8-4e1ae5fa3577','pariatur. Excepteur sint occaecat cupidatat non proident, su','1981-01-30 22:33:28.551','59ffdf80-1f44-4969-9083-8aa4e6bd3fa0',2,'@every 1h','{}')
,('ebcaf6d7-e5aa-4bcb-b0f2-101826a3ee83','in volupt','1995-01-07 04:25:44.959','7cac2c9a-00c2-4a3a-9d93-6e2b2026b890',1,'@every 1h','{}')
,('49c6b010-d2c0-499f-a83d-2e0550f05185','mollit anim id est laborum.Lorem','1992-04-06 06:24:52.371','6c48f4f5-9f88-438b-86c2-f8df19d1b782',1,'@every 1h','{}')
,('2beb3bdc-50cd-49e3-ab21-5f958f0bcf68','incididunt ut labore et dolore ','1987-08-30 12:21:31.488','a323fc62-1490-4d91-90d9-e086a11d70e4',2,'@every 1h','{}')
,('0bda9e8e-7760-445e-8248-560a92281004','dolore magna aliqua. Ut enim ad minim veniam, quis nostrud ex','1998-07-02 16:03:01.515','37764a5f-0a63-47ae-9aff-655098eb4163',1,'@every 1h','{}')
,('216f99bc-5232-438b-b7a2-0079571d89f5','veniam, quis nostrud exercita','1988-04-02 16:01:52.236','7cac2c9a-00c2-4a3a-9d93-6e2b2026b890',2,'@every 1h','{}')
,('74d7c52b-8788-469d-bb4b-2a4023131919','tempor incididunt ut labore et dolore magna aliqua. ','1997-09-25 09:24:48.376','caa4b2fd-c1fd-46e1-be86-8411642eb559',2,'@every 1h','{}')
,('9362a15a-2d7c-46c6-b67d-6e56a4bf88eb','et dolore magna aliqua. Ut enim ad minim ','1980-11-30 18:10:16.086','82bf52ec-f0b8-4748-b822-c14ee32aee62',2,'@every 1h','{}')
,('fd091f29-9d11-4137-890b-1d10338e270a','adipiscing elit, sed do eiusmod tempor incididunt ut labore','1995-01-23 01:51:27.859','9bd9eca8-6389-409f-9d5e-9c6186475a28',1,'@every 1h','{}')
,('3a96782c-ecaa-475c-9a7f-bcbffa11634c','voluptate velit esse cillum dolo','2012-07-09 17:24:43.771','6c48f4f5-9f88-438b-86c2-f8df19d1b782',2,'@every 1h','{}')
;

INSERT INTO job_status (id,running,updated,run_count,error_count,last_run) VALUES
('216f99bc-5232-438b-b7a2-0079571d89f5',false,'2015-06-27 05:36:01.543',15058,31198,'2015-01-01 19:20:55.327')
,('2beb3bdc-50cd-49e3-ab21-5f958f0bcf68',false,'2018-02-10 00:52:18.112',17457,2110,'1998-09-26 06:05:36.084')
,('7d45ca06-8f46-46f2-a81a-71570ffd34a4',true,'2004-01-16 05:21:46.426',9846,20997,'1993-12-19 07:30:19.569')
,('15689d74-b05e-4f82-8c23-e3f59a9a3daf',true,'1987-05-08 20:35:09.694',19710,10454,'1992-07-15 12:55:44.871')
,('c6d4f4d2-6711-47f0-955e-fbff7f1f77e2',true,'1992-03-25 21:44:03.099',11194,6,'1981-11-10 00:38:45.724')
,('ebcaf6d7-e5aa-4bcb-b0f2-101826a3ee83',true,'2007-01-27 17:29:28.037',25430,22348,'2009-08-05 23:16:09.254')
,('64394929-08d7-4316-9b05-3944a9166ddb',false,'1994-03-10 19:44:30.060',30595,4987,'2006-06-12 21:51:52.287')
,('0bda9e8e-7760-445e-8248-560a92281004',false,'2007-07-21 05:58:27.449',20483,89,'1994-03-25 00:35:44.211')
,('3a96782c-ecaa-475c-9a7f-bcbffa11634c',false,'2011-09-11 04:56:57.601',1182,10678,'1989-03-22 11:33:31.564')
,('a4401d0f-c5ac-41d8-9a54-7860a1a41edf',false,'2010-09-27 08:58:19.596',26766,9685,'1980-04-16 04:35:57.486')
;
INSERT INTO job_status (id,running,updated,run_count,error_count,last_run) VALUES
('c19cfbed-053d-48d4-aa22-a8363b9a8df4',true,'2004-04-14 05:42:50.699',11171,13817,'2006-03-11 23:01:15.357')
,('6cff1c2e-09f3-4438-865c-43bd63591079',true,'2003-09-06 02:26:57.801',407,6837,'2012-07-01 22:53:55.260')
,('a69ab9e3-d350-4b56-ac11-48051b1ab2fc',false,'1983-05-05 01:26:49.904',19162,4670,'1982-05-19 07:44:37.091')
,('7dc496bd-c258-440e-ada4-4579eb01b7d2',false,'1997-08-02 06:43:37.817',17548,1855,'1980-08-16 01:56:15.266')
,('49c6b010-d2c0-499f-a83d-2e0550f05185',true,'1994-06-11 05:33:58.271',21917,9510,'1986-12-31 03:18:52.208')
,('77a145e5-5260-4100-aad8-4e1ae5fa3577',false,'1982-10-01 16:12:53.535',5106,2243,'1996-07-17 04:43:21.229')
,('8fa1dc1e-2505-491c-a885-2616d2377d60',true,'2018-07-26 03:05:33.802',650,22959,'2013-08-06 03:55:08.121')
,('fd091f29-9d11-4137-890b-1d10338e270a',false,'2002-08-18 17:38:30.431',177,31631,'1984-05-08 08:12:36.849')
,('74d7c52b-8788-469d-bb4b-2a4023131919',false,'1997-12-30 00:27:11.096',16910,30778,'2014-11-05 04:06:58.932')
,('9362a15a-2d7c-46c6-b67d-6e56a4bf88eb',true,'1995-05-19 17:50:55.325',28538,408,'2012-03-20 04:35:42.870')
;
